house_name,house_location,house_status,house_price,price_unit
孔雀城新京学府,[ 苏家屯 八一 ] 孔雀杉路35号,在售,5300,元/㎡
浦江御景湾,价格,在售,13500,元/㎡起
旭辉铂宸府,[ 沈河 沈河 ] 团结路59号,在售,18000,元/㎡
旭辉雍禾府,"[ 铁西 保工北 ] 北二中路,近保工北街",在售,17000,元/㎡起
五矿沈河金城,[ 沈河 南塔 ] 文化东路20号（原省图书馆东行300米）,在售,14000,元/㎡
碧桂园太阳城丨柏俪湾,[ 沈北新区 道义 ] 蒲河路39-1号,在售,6500,元/㎡
碧桂园公园里,[ 浑南区 浑南区 ] 白塔一街2号,在售,8800,元/㎡
恒大悦龙台,[ 于洪 红旗台 ] 于洪区东北食品城南,在售,9600,元/㎡
玉祥·明居,[ 于洪 西三台子 ] 松山西路92号,在售,14500,元/㎡
越秀星汇云锦,[ 沈河 南塔 ] 天坛一街36号,在售,16500,元/㎡起
汇置尚都,[ 沈北新区 道义 ] 道义南大街67号,在售,8000,元/㎡起
阳光城璞悦,[ 铁西 铁西广场 ] 云峰街与南九东路交汇处,待售,15000,元/㎡
沈阳龙湖九里晴川,[ 沈北新区 道义 ] 蒲丰路49号（尚柏奥莱西行约1公里）,在售,[],元/㎡
新润万寿里,[ 沈河 中街 ] 小西路36号,在售,10000,元/㎡起
华润置地八號院,[ 于洪 西三台子 ] 赤山路南侧,在售,11500,元/㎡
华润置地净月臺,[ 铁西 经济技术开发区 ] 星海路和昆明湖街交汇处,在售,10600,元/㎡
华润崑崙御,[ 皇姑 东三台子 ] 三台子地铁口A出口,在售,8680,元/㎡
华润置地·二十四城,[ 铁西 铁西 ] 沧海路8号,在售,8000,元/㎡起
中粮花熙祥云,[ 大东 望花 ] 中街与生产路交汇处东行1500米（职业技...,在售,11000,元/㎡起
美的时代城,[ 铁西 经济技术开发区 ] 开发大道4号,在售,9200,元/㎡
美的瀚悦府,[ 皇姑 皇姑 ] 沈阳师范大学东门,在售,9500,元/㎡
碧桂园银亿·大城印象,[ 于洪 于洪 ] 怒江北街221号（怒江北街西侧）,在售,9000,元/㎡起
恒大中央广场,[ 浑南区 浑南区 ] 白塔河二路，沈本大街,在售,10000,元/㎡起
金地樾檀山,[ 浑南区 浑南区 ] 华园东路与绮霞街交汇处,在售,11800,元/㎡起
中海和平之门棠颂,[ 和平 长白 ] 长白南路339号,在售,17500,元/㎡
首开国风润城,[ 沈北新区 沈北新区 ] 虎石台南大街57号,在售,5500,元/㎡
金辉优步湖畔,"[ 于洪 丁香湖 ] 重工北街,近昆山西路",在售,11500,元/㎡
亿茂禧悦风华,[ 浑南区 浑南区 ] 沈营大街920号(东北大学浑南校区西20米...,在售,11000,元/㎡
华润置地幸福里润府,"[ 和平 长白 ] 南京南街,近长白北路",在售,13000,元/㎡起
金地艺境,[ 浑南区 浑南区 ] 王家湾300号,在售,8000,元/㎡起
保利白沙林语,[ 浑南区 浑南区 ] 玄菟路580号,在售,7500,元/㎡
中海城,[ 于洪 于洪 ] 松山西路120,在售,8000,元/㎡起
中海半山华府,[ 浑南区 浑南区 ] 沈本大街与全运路交汇处,在售,15000,元/㎡起
中粮隆玺祥云,[ 皇姑 北陵 ] 黄河北大街56号,在售,23000,元/㎡起
保利达翠堤湾,[ 沈河 高官台 ] 沈水东路320号,在售,8000,元/㎡
华润置地长安里,[ 浑南区 浑南区 ] 长安桥南街9号（长安桥南300米）,在售,14000,元/㎡起
美域天成,[ 铁西 铁西 ] 中央大街22号,在售,8500,元/㎡
首创光和城,[ 浑南区 浑南区 ] 沈中大街28号,在售,[],元/㎡
万达公园ONE,[ 浑南区 浑南区 ] 全运路与智慧四街交汇处,在售,12500,元/㎡
尚景·新世界,[ 和平 三好 ] 香港路135号,在售,30000,元/㎡
远洋仰山,[ 浑南区 浑南区 ] 创新路10号（莫子山公园东侧）,在售,11000,元/㎡起
中粮锦云天城,[ 沈北新区 道义 ] 蒲田路与七星东二街交汇处,在售,6500,元/㎡起
万科明日之光,[ 苏家屯 苏家屯 ] 雪莲街49-2-5号,在售,9500,元/㎡
保利茉莉公馆,[ 和平 和平 ] 红椿路38号,在售,9000,元/㎡
保利观唐,"[ 于洪 于洪 ] 青城山路,近甘河街",在售,9500,元/㎡
清河半岛,[ 沈北新区 蒲河 ] 蒲南路20号,在售,15000,元/㎡
万锦红树湾,[ 浑南区 浑南区 ] 全运五路,在售,9000,元/㎡
绿城沈阳全运村,[ 浑南区 浑南区 ] 全运路93号,在售,14000,元/㎡起
融创沈阳府,[ 铁西 铁西 ] 燕塞湖街.近花海路,在售,12000,元/㎡
城建万科翡翠书院,[ 浑南区 长青桥 ] 长青南街与汇泉东路交汇处,在售,15000,元/㎡
中南玖熙墅,[ 铁西 铁西 ] 沈新路105号,在售,11500,元/㎡
恒大盛京世家,[ 浑南区 浑南区 ] 香堤路199号（伯官大桥东南侧）,在售,8500,元/㎡起
尚海印象,"[ 铁西 经济技术开发区 ] 中央大街,近十三号路",在售,7500,元/㎡
融创城,[ 铁西 经济技术开发区 ] 沈辽西路183号,在售,6600,元/㎡
保利云禧,[ 铁西 铁西 ] 北二西路与北启工街交汇处,在售,12000,元/㎡起
荣盛紫提东郡,[ 浑南区 东湖 ] 浑南东路59号（建筑大学东3公里）,在售,9500,元/㎡起
小石城九颂大院,[ 浑南区 浑南区 ] 红椿东路,在售,13000,元/㎡起
金地半山麓,[ 大东 陶瓷城 ] 东望北街22号,在售,7700,元/㎡起
阳光100果岭公馆,[ 铁西 经济技术开发区 ] 十号路9甲2号,在售,9000,元/㎡
金地铁西檀府,[ 铁西 经济技术开发区 ] 燕塞湖街45号,在售,11000,元/㎡
雨润中央宫园,[ 沈北新区 道义 ] 盛京大街,在售,5678,元/㎡起
旭辉东樾城,价格,在售,14000,元/㎡
荣盛锦绣天地,[ 铁西 经济技术开发区 ] 沈辽西路136号,在售,6500,元/㎡
郡源悦城,[ 皇姑 皇姑 ] 黄河北大街286号,在售,8700,元/㎡
富力尚悦居,[ 大东 望花 ] 轩兴四路,在售,9500,元/㎡起
新荣大厦,[ 和平 和平 ] 中山路21号,在售,11000,元/㎡起
意大利风情小镇,[ 于洪 丁香湖 ] 广业西路11号,在售,11000,元/㎡
恒大雅苑,[ 皇姑 四台子 ] 文大路221号,在售,8200,元/㎡起
金地悦峰,"[ 皇姑 首府新区 ] 鸭绿江街,近铁山路",在售,11000,元/㎡
万科翡翠四季,[ 浑南区 浑南区 ] 沈营大街66号,在售,12500,元/㎡起
万科翡翠公园,[ 于洪 于洪 ] 黄海路,在售,12000,元/㎡起
保利海德公园,"[ 于洪 于洪 ] 沈辽路,近大明湖街",在售,8800,元/㎡
沈阳恒大滨江左岸,[ 浑南区 浑南区 ] 浑南东路,在售,10000,元/㎡起
佳兆业悦峰,[ 和平 和平 ] 长白岛仙岛南路（东北气象局西侧）,在售,16000,元/㎡
中海天誉,[ 浑南区 浑南区 ] 高深东路7号（高深东路和智慧四街交汇...,在售,16000,元/㎡
富力·IFC,[ 沈河 北站 ] 友好街7号,在售,18000,元/㎡
集美万象,[ 浑南区 浑南区 ] 创新路与羊安三街交汇处(沈阳南站南80...,在售,9200,元/㎡
其仕和悦,[ 沈河 方家栏 ] 方家栏路（方家栏公园旁）,在售,14000,元/㎡
美的城,[ 于洪 丁香湖 ] 滨江街60号,在售,8000,元/㎡起
保利中粮堂悦,[ 大东 望花 ] 大东区柳林一街和生产路交汇处职业学院...,在售,11000,元/㎡起
沈阳恒大绿洲,[ 于洪 于洪新城 ] 南阳湖街166号,在售,8600,元/㎡
美的盛堂,[ 于洪 于洪新城 ] 南阳湖街与汪河南路交汇处（南阳湖大桥...,在售,12000,元/㎡
华海蓝境,[ 沈北新区 道义 ] 道义三街6-1号,在售,7200,元/㎡
龙湖天璞,[ 浑南区 东湖 ] 长安街7号,在售,300,万元/套起
奥园国际城,[ 苏家屯 区中心 ] 南京南街1178号,在售,5800,元/㎡起
融创融公馆,[ 于洪 丁香湖 ] 西江北街82号,在售,6500,元/㎡
华强城,[ 沈北新区 道义 ] 道义南大街10号,在售,8500,元/㎡
三盛颐景御园,[ 沈北新区 道义 ] 蒲丰路42号,在售,6000,元/㎡
碧桂园御长白·虹寓,"[ 和平 长白 ] 南京南街,近仙岛南路",在售,13000,元/㎡
颐盛壹号公馆,"[ 大东 东中街 ] 东边城街,近津桥路",在售,10888,元/㎡起
沈阳恒大名都,[ 和平 和平 ] 南京南街1001号,在售,7500,元/㎡
云尚天成,[ 浑南区 浑南区 ] 天成街6甲,在售,12000,元/㎡起
碧桂园九英里,[ 苏家屯 区中心 ] 丁香街285号,在售,6158,元/㎡
格林玫瑰湾,[ 和平 长白 ] 长白三街6号,在售,17000,元/㎡起
荣盛坤湖郦舍,[ 沈北新区 道义 ] 蒲南路11号,在售,5300,元/㎡
金地宸颂,[ 沈河 中街 ] 市府大路与万寿寺街交汇处南行50米,在售,17500,元/㎡
荣盛锦绣御景,[ 沈北新区 蒲河 ] 盛京大街36号,在售,7800,元/㎡
瑞龙辽中城,[ 辽中 辽中镇 ] 迎宾路31-2号,在售,3600,元/㎡
东方银座莱茵城,[ 铁西 经济技术开发区 ] 中德产业园浑河西峡谷公园主广场正对面,在售,5800,元/㎡
中瑞北欧云墅,[ 于洪 于洪新城 ] 细河路,在售,90,万元/套
卓尔沈阳客厅,[ 于洪 荷兰村 ] 元江街20-1号,在售,9500,元/㎡
中港城永安嘉苑,[ 于洪 于洪 ] 洪源路10号,在售,5900,元/㎡起
万科西华府,"[ 铁西 经济技术开发区 ] 昆明湖街,近花海路",在售,14000,元/㎡
明发广场,"[ 沈北新区 沈北新区 ] 蒲河路,近蒲北路",在售,6500,元/㎡
北国奥林匹克花园,[ 苏家屯 区中心 ] 雪松东路1号,在售,6200,元/㎡起
新加坡花园,[ 于洪 于洪新城 ] 细河南路164号,在售,8400,元/㎡
碧桂园莫奈小镇,[ 沈北新区 蒲河 ] 碧桂大街,在售,8500,元/㎡起
融创中央学府,"[ 沈北新区 沈北新区 ] 七星大街,近蒲新路",在售,7500,元/㎡
沈河府,[ 浑南区 长青桥 ] 南堤东路1号,在售,15000,元/㎡
沈阳五彩阳光城,[ 于洪 于洪 ] 沈北西路,在售,8000,元/㎡
中海寰宇天下公寓,[ 皇姑 怒江 ] 昆山西路75号,在售,8000,元/㎡
宝能GFC,[ 沈河 沈河 ] 青年大街268号,在售,26000,元/㎡
明华香峪兰溪,[ 沈北新区 道义 ] 沈北路35号（沈北路与梅江北街交汇处）,在售,5500,元/㎡
富海澜湾半岛,[ 和平 长白 ] 长白南路330号,在售,20000,元/㎡起
亿博隆河谷,[ 浑南区 浑南区 ] 沈营大街526号,在售,12000,元/㎡
泰盈十里锦城,[ 苏家屯 苏家屯 ] 雪莲街111号,在售,6800,元/㎡
国瑞城瑞府,[ 大东 二台子 ] 东建街31号,在售,6000,元/㎡
保利大都会,[ 皇姑 省政府 ] 北陵大街17号,在售,17000,元/㎡
阳光100凤凰湾,[ 于洪 于洪新城 ] 阳光路,在售,8500,元/㎡
顶盛国际花园,[ 苏家屯 区中心 ] 南京南街1028号,在售,7100,元/㎡
国瑞城瑞公馆,[ 大东 大东 ] 东北大马路398号（国瑞城内）,在售,5500,元/㎡
盛融万恒府城铭邸,价格,在售,10000,元/㎡
宏发英里蓝湾,[ 于洪 于洪新城 ] 南阳湖街148号,在售,7600,元/㎡
沈阳星河湾,[ 浑南区 浑南区 ] 白塔河二路120号,在售,18000,元/㎡起
格林木棉花,[ 于洪 荷兰村 ] 西江街221-10号,在售,8300,元/㎡
万科城市阳光,[ 铁西 铁西 ] 卫工北街,在售,13000,元/㎡
明发锦绣华城,[ 沈北新区 道义 ] 道义北大街36-1号,在售,5500,元/㎡起
中铁香湖,"[ 于洪 丁香湖 ] 元江街,近橙山路",在售,12000,元/㎡
悦时光,[ 于洪 于洪 ] 千山西路,在售,8500,元/㎡起
新希望锦麟河院,[ 浑南区 浑南区 ] 浑南区东陵东路86号（鸟岛东行1000米）,待售,11919,元/m²
银基观澜庭,[ 沈河 沈河 ] 沈水路608号,在售,20000,元/㎡
茂业金廊壹号,[ 沈河 东五里河 ] 青年大街185号,在售,15000,元/㎡
华强商业金融中心,[ 沈河 沈河 ] 青年大街236号,在售,19000,元/㎡
中海寰宇天下,[ 皇姑 怒江 ] 昆山西路75号（玉山路上）,在售,15000,元/㎡
富力星月湾,[ 沈北新区 蒲河 ] 沈北路208号(东北育才双语学校东侧),在售,12000,元/㎡
恒大盛京珺庭,[ 于洪 造化 ] 西江北街与青城山路交汇处北行500米,在售,9600,元/㎡
广厦绿园,[ 于洪 丁香湖 ] 元江街52,在售,9500,元/㎡
万科翡翠新都会,[ 铁西 铁西 ] 重工北街与北一西路交汇处,在售,13000,元/㎡
华润翡翠城,"[ 皇姑 皇姑 ] 青城山路,近黄河北大街",在售,12000,元/㎡
大都会公元,[ 皇姑 北行 ] 崇山路与怒江街交汇处北行600米,在售,19000,元/㎡
积水住宅裕沁听月轩,[ 浑南区 浑南区 ] 全运五路105号（全运南路南侧）,在售,17000,元/㎡
和泓长白府,[ 和平 长白 ] 长白二街与长白中路交汇处,待售,15929,元/m²
碧桂园公园印象,[ 浑南区 浑南区 ] 创新路33号,在售,200,万元/套起
五矿世家金城,[ 皇姑 东三台子 ] 黄河北大街,在售,9500,元/㎡
麓林春语,[ 沈北新区 沈北新区 ] 沈北路109号,在售,4800,元/㎡
积水裕沁府,[ 和平 和平 ] 吉安路42号,在售,25000,元/㎡
泰盈九如溪谷,[ 沈北新区 沈北新区 ] 人和街168号,在售,8200,元/㎡
和泰馨城,[ 于洪 于洪 ] 沈大路160号,在售,6400,元/㎡
华发全运首府,[ 浑南区 浑南区 ] 创新路516号（沈阳新南站旁）,在售,9500,元/㎡
融创唐轩上城,[ 沈北新区 沈北新区 ] 常州路27号,在售,5100,元/㎡
龙之梦畅园,[ 大东 东中街 ] 滂江街62号,在售,10000,元/㎡起
碧桂园珑悦,[ 大东 大东 ] 联合路和东陶路交汇处,在售,12000,元/㎡
步阳国际,[ 沈河 沈河 ] 文化东路8号,在售,8900,元/㎡
信达万科城,[ 浑南区 浑南区 ] 高深路,在售,13000,元/㎡起
旭辉璟宸府,[ 于洪 于洪新城 ] 细河南路与南阳湖二街交汇处,在售,11000,元/㎡
丽晶公馆,[ 于洪 西三台子 ] 黄河北大街108-1号,在售,10000,元/㎡
华府丹郡悦湖,[ 苏家屯 苏家屯 ] 南京南街1009号,在售,6500,元/㎡
春树广场,[ 铁西 铁西 ] 保工街北四路交汇处,在售,14000,元/㎡
万科千山府,[ 于洪 于洪 ] 怒江北街与千山西路交汇处西300米,在售,11900,元/㎡
富禹依云温泉小镇,[ 于洪 造化 ] 红兴路802号,在售,4500,元/㎡
保利和光尘樾,[ 浑南区 浑南区 ] 祝科东二街,待售,11293,元/m²
金沙巴黎花园,[ 沈北新区 沈北新区 ] 七星大街27号盛京桥南,在售,6500,元/㎡
中梁华宇学府壹号,[ 和平 和平 ] 胜利大街南十一马路交汇处,待售,13786,元/m²
奥林匹克花园三期漫步地中海,[ 浑南区 浑南区 ] 双园路269号,在售,10000,元/㎡起
市府和鸿广场,[ 浑南区 浑南区 ] 沈中大街与全运三路交汇处（沈阳市政府...,在售,12000,元/㎡
富禹依云蓝湾,[ 于洪 于洪广场 ] 黄海路与巢湖街交汇处南行700米,在售,9500,元/㎡
荣信森林里,[ 沈北新区 道义 ] 蒲昌路42号,在售,6200,元/㎡
三隆熙湖枫景,[ 铁西 经济技术开发区 ] 南十三号路10号,在售,6800,元/㎡
融创唐轩府,[ 沈北新区 道义 ] 沈北路16号,在售,9000,元/㎡
招商雍景湾,[ 于洪 于洪新城 ] 细河南路与南阳湖二街交汇处,在售,11000,元/㎡
金石小镇,[ 浑南区 浑南区 ] 全运五路,在售,13500,元/㎡起
陶瓷城公馆,[ 大东 陶瓷城 ] 东望街2号,在售,6100,元/㎡
太湖明珠花园Ⅱ期,[ 沈北新区 道义 ] 道义北大街蒲河路8号,在售,7500,元/㎡
澳海南樾府,[ 苏家屯 苏家屯 ] 南京南街与银杏路交汇（吉的堡幼儿园西...,在售,10000,元/㎡
信达万科如园,[ 沈河 东五里河 ] 文萃路83-1号,在售,16000,元/㎡起
保利紫荆公馆,[ 浑南区 浑南区 ] 智慧四街16号,待售,11581,元/m²
碧桂园银河城,[ 于洪 于洪新城 ] 汪河路111号,待售,9378,元/m²
河畔公馆,[ 浑南区 富民 ] 朗云街6-88号(富民桥东侧),待售,14168,元/m²
海逸铭筑,[ 于洪 于洪 ] 青城山路,待售,8467,元/m²
熙旺广场,[ 大东 大东 ] 联合路42号,在售,10000,元/㎡
沈阳富力院士廷,[ 沈北新区 蒲河 ] 蒲河大道98号尚柏奥莱旁,在售,5888,元/㎡
金辉江山云著,价格,在售,11700,元/㎡
新湖美丽洲,[ 于洪 造化 ] 造化街道关家村（西江北街与沈北开发大...,在售,148,万元/套
中旅万科城,[ 浑南区 浑南区 ] 双园路36号（赛特奥莱旁）,待售,11300,元/m²
金地峯汇,[ 沈河 南塔 ] 五爱街与文萃路交汇处南行50米,在售,25000,元/㎡起
会展壹号,[ 苏家屯 区中心 ] 南京南街1008号,待售,7243,元/m²
金地名著,[ 皇姑 皇姑 ] 鸭绿江街与铁山路交汇处,在售,14000,元/㎡
鲁班尚品,[ 沈北新区 道义 ] 沈北路35号,在售,6300,元/㎡
奕聪花园,[ 和平 和平 ] 振兴街45号,在售,16000,元/㎡
九洲御府,[ 和平 长白 ] 胜利南街888号,在售,20000,元/㎡
东亚翰林世家,[ 皇姑 首府新区 ] 陵园街39号,在售,11000,元/㎡
中铁丁香水岸,[ 于洪 荷兰村 ] 松山西路150号,在售,8500,元/㎡
新湖国际,[ 于洪 西三台子 ] 松山西路21号,在售,10000,元/㎡起
富力仙湖国际别墅,[ 浑南区 浑南区 ] 桃仙大街,在售,18000,元/㎡
恒大汇鑫山庄,[ 沈北新区 蒲河 ] 天时街与蒲北路交汇处西北,在售,10000,元/㎡
金科中南集美尚景,[ 铁西 经济技术开发区 ] 十号路（七号街地铁口南约500米）,待售,8400,元/m²
中南旭辉和樾,[ 铁西 铁西 ] 北一西路66号,在售,12000,元/㎡
融创臻园,[ 沈北新区 道义 ] 蒲新路13号,在售,7300,元/㎡
金沙库客,[ 铁西 经济技术开发区 ] 大明湖街18号,在售,9500,元/㎡
龙湖西府原著,[ 铁西 铁西 ] 沈辽路2号,在售,17000,元/㎡
新湖青蓝国际,[ 铁西 经济技术开发区 ] 中央大街27甲,在售,7200,元/㎡
百岁万汇城,[ 沈北新区 虎石台 ] 建设北一路54号,在售,5400,元/㎡
南华中环广场,[ 大东 东中街 ] 小东路135号,在售,15500,元/㎡
银基银河丽湾,[ 沈河 南塔 ] 沈水路600-17号,在售,12000,元/㎡
富禹依云澜汇,[ 浑南区 浑南区 ] 沈本大街与白塔河二路交汇处东,待售,11469,元/m²
万科翡翠滨江,[ 和平 和平 ] 领事馆路1号,待售,14083,元/m²
河畔新城品尚,[ 浑南区 富民 ] 朗云街6-88号,待售,13867,元/m²
名仕金融中心,[ 浑南区 浑南区 ] 浑南区全运路105号（全运路与智慧四街...,在售,11000,元/㎡
融创观澜壹号,[ 沈北新区 道义 ] 蒲新路26号（孝信街与蒲新路交汇处）,在售,8000,元/㎡
丽都水岸商住楼项目一期,[ 辽中 辽中镇 ] 浦东街道迎宾路26号,在售,4088,元/㎡
中南紫云集,[ 铁西 铁西 ] 建设中路与景星街交汇处北行50米,在售,19000,元/㎡
联祥大河原著,[ 沈北新区 蒲河 ] 蒲河路7号,在售,7300,元/㎡
世纪学府,[ 皇姑 皇姑 ] 淮河街11号,在售,16000,元/㎡
热高乐城,[ 沈阳周边 其他 ] 抚顺市高湾经济开发区高望路热高乐园对...,待售,4668,元/m²
华润置地润馨汇,[ 沈河 沈河 ] 小南街与东滨河路交汇处,待售,19843,元/m²
华润置地公元九里,[ 苏家屯 苏家屯 ] 沈阳市体育学院南行100米,待售,8200,元/m²
翔凤山水国际,[ 沈北新区 沈北新区 ] 沈北新区沈北路196号新城大道与人和街...,在售,6000,元/㎡
中梁首府,[ 铁西 经济技术开发区 ] 星海路与昆明湖街交汇处,待售,8229,元/m²
龙湖双珑原著,[ 浑南区 浑南区 ] 农大东行800米,待售,11707,元/m²
华润置地萬象府,[ 铁西 铁西广场 ] 北二西路与重工街交汇处 （铁西区委区...,在售,13000,元/㎡
亚泰城,[ 沈北新区 道义 ] 蒲河路35号,在售,7300,元/㎡
益华御才湾二期,[ 浑南区 浑南区 ] 新明街1号,在售,9000,元/㎡起
ONEWORLD世界城,"[ 和平 和平 ] 南京北街,近市府大路",待售,14083,元/m²
步阳江南甲第,[ 沈北新区 道义 ] 正良四路6-5号,在售,9500,元/㎡起
步阳江南壹号,[ 沈北新区 沈北新区 ] 蒲昌路31号,在售,5888,元/㎡起
金科集美天城,[ 皇姑 皇姑 ] 文大路和滦河街交汇处,在售,8700,元/㎡
荣盛城,[ 皇姑 东三台子 ] 梅江北街148号,在售,10000,元/㎡
龙湖天宸原著,"[ 铁西 铁西 ] 洪湖一街,近沈新路",在售,13000,元/㎡
沈阳雅居乐花园,[ 沈北新区 道义 ] 蒲南路1号,在售,7500,元/㎡
万科翡翠臻园,[ 浑南区 浑南区 ] 高深路,在售,14500,元/㎡
府城名著,[ 浑南区 浑南区 ] 全运五路318号,在售,10000,元/㎡
远洋大河宸章,[ 沈河 沈河 ] 沈水路,在售,19000,元/㎡
沈阳招商局大厦,[ 浑南区 浑南区 ] 地铁2号线奥体中心B出口处,在售,12000,元/㎡
锦联新经济产业园,[ 浑南区 浑南区 ] 沈阳市浑南区创新路155号,在售,8000,元/㎡起
小石城梦想小镇商铺,[ 浑南区 浑南区 ] 沈营大街与全运路交汇处西行300米,在售,18000,元/㎡起
龙湖花千树商铺,[ 铁西 铁西 ] 北四西路7号,在售,20000,元/㎡
沈阳禹州广场写字楼,[ 浑南区 浑南区 ] 沈阳市浑南区天坛南街8号,在售,8500,元/㎡起
华强广场,[ 和平 三好 ] 三好街,在售,10000,元/㎡
金地悦峰商铺,[ 皇姑 北陵 ] 鸭绿江街27号,在售,21000,元/㎡
皇家御湾,[ 沈北新区 道义 ] 蒲河路5号,在售,5300,元/㎡
首创琥珀湾,[ 浑南区 浑南区 ] 棋盘山鸟岛东500米,在售,8500,元/㎡起
中房上东花墅7.3 期,价格,在售,14000,元/㎡
浦江波士湾壹号,[ 浑南区 浑河桥 ] 三义街2-3号,在售,8500,元/㎡起
友谊时代广场,[ 沈河 东五里河 ] 青年大街197号,在售,12000,元/㎡
沈阳城开中心ART,[ 和平 太原街 ] 太原南街7号,在售,12000,元/㎡起
玫瑰园别墅四期,[ 浑南区 浑南区 ] 桃仙大街100号,在售,12000,元/㎡
华沃滨河湾,[ 于洪 于洪新城 ] 南阳湖二街45号,在售,8000,元/㎡
凯德俪锦城听澜郡,[ 于洪 红旗台 ] 玉沙街6号,在售,6000,元/㎡
红豆杉温泉花园,[ 沈北新区 沈北新区 ] 蒲河路22号,在售,5700,元/㎡起
沈阳万达公馆,[ 浑南区 浑南区 ] 营盘西街17-6号,在售,13500,元/㎡
越秀岄湖郡,[ 沈北新区 蒲河 ] 蒲北路6号,在售,7900,元/㎡起
旭辉宸寓,[ 沈河 北站 ] 团结路59号,在售,12000,元/㎡
富景学府新城,[ 铁西 经济技术开发区 ] 沈辽西路139号,在售,5500,元/㎡
新湖仙林金谷,"[ 沈北新区 道义 ] 蒲北路,近孝汉北街",在售,6000,元/㎡
国王湖,[ 东陵 辉山开发区 ] 世博东街69号（世博园东墙外）,在售,10000,元/㎡起
瑞京维多利亚国际公馆,[ 铁西 铁西 ] 北二西路29甲3号,在售,9500,元/㎡
保利达大象,[ 浑南区 浑南区 ] 浑南二路6号,在售,10000,元/㎡
云米智慧之光,[ 于洪 于洪 ] 黄河大街西-2号,待售,12000,元/㎡
荣盛和悦名邸,[ 铁西 经济技术开发区 ] 沈辽西路136号,待售,8047,元/m²
坤博幸福城,[ 沈北新区 沈北新区 ] 沈北路108号,在售,6000,元/㎡
国大·沈北壹号,[ 沈北新区 新城子 ] 新城子常州路34号（南转盘北侧）,在售,5300,元/㎡
伴山湖,[ 东陵 辉山开发区 ] 世博东街53号,在售,8000,元/㎡起
长堤湾,[ 苏家屯 区中心 ] 南京南街1066号,在售,5500,元/㎡起
皇家首座,[ 沈北新区 道义 ] 道义南大街68号,在售,6800,元/㎡
世茂世博青青小镇,[ 浑南区 浑南区 ] 森林路2号,在售,9500,元/㎡起
世代公园里,[ 于洪 于洪 ] 东湖街(黄海公园南),在售,8000,元/㎡起
七星九龙湾,[ 沈北新区 道义 ] 七星大街53-10,在售,5300,元/㎡
瑞家坚果,[ 大东 大东 ] 钢泉巷2号,在售,8000,元/㎡起
浑河·国际城,[ 苏家屯 区中心 ] 红椿路89号,在售,12000,元/㎡
北汤国际温泉小镇,[ 沈北新区 新城子 ] 杭州路189号（虎石台大街与杭州路交汇...,待售,6872,元/m²
幸福阳光,[ 于洪 于洪 ] 青城山路133—3号（黄河北大街与青城山...,在售,5600,元/㎡
润景朗琴湾,[ 沈河 沈河 ] 东大营街31号（炮校的南门271终点站）,待售,12000,元/㎡
雅颂大苑,[ 沈河 沈河 ] 文化路70号,在售,28000,元/㎡
沈阳中体奥林匹克花园花园一号,[ 沈北新区 沈北新区 ] 人和街,在售,8500,元/㎡
伯爵源筑,[ 浑南区 21世纪广场 ] 新优街5号,在售,12000,元/㎡起
麗山国际小镇,[ 苏家屯 苏家屯 ] 白清寨路490号,在售,8000,元/㎡
美好愿景,[ 铁西 铁西 ] 北四西路8号,在售,9800,元/㎡
吉宝季景沁园,[ 沈北新区 道义 ] 蒲新路26号,在售,5600,元/㎡
万科翡翠别墅,[ 浑南区 浑南区 ] 世博东街59号,在售,13000,元/㎡
中冶上和郡,[ 和平 长白 ] 胜利大街与仙岛南路交汇处,在售,11000,元/㎡
圣诺园,"[ 铁西 经济技术开发区 ] 中央大街,近十三号路",在售,7500,元/㎡
艾格尔e学府,[ 和平 和平 ] 胜利南街,在售,8500,元/㎡起
万科圣丰翡翠之光,[ 铁西 保工北 ] 保工北街,在售,18800,元/㎡
龙湖原府,[ 沈北新区 沈北新区 ] 蒲丰路49号,在售,120,万元/套起
中冶上和湾,[ 和平 和平 ] 和平区胜利南街与长白北路交汇处西行4...,在售,12000,元/㎡
北宇红枫庭院,[ 沈北新区 虎石台 ] 虎石台南大街22号,在售,4700,元/㎡
青建明清册,[ 苏家屯 白清寨 ] 桃花源路10号,在售,8000,元/㎡
乾景花园,[ 于洪 于洪 ] 千山西路26号,在售,8000,元/㎡
特变水木融城,[ 铁西 经济技术开发区 ] 开发二十二号路16号,在售,6000,元/㎡
温莎庄园,[ 沈北新区 沈北新区 ] 沈北路196号（新城大道与人和街交汇处...,在售,3980,元/㎡
绿地海域香庭,[ 浑南区 浑南区 ] 智慧大街,在售,8500,元/㎡
瑞士风情小镇三期铂邸,[ 于洪 于洪新城 ] 仙女河北路2号,在售,9400,元/㎡
满融公馆,[ 和平 满融 ] 迎春北街86号,在售,7300,元/㎡
美地庄园,[ 浑南区 浑南区 ] 桃仙大街98号,在售,8000,元/㎡
新世界名汇,[ 和平 太原街 ] 南京南街,在售,15000,元/㎡
中南熙悦,[ 铁西 经济技术开发区 ] 中央大街55号（沈阳工业大学对面）,在售,7500,元/㎡
其仕盛和祥,[ 浑南区 东湖 ] 浑南中路60号,在售,8700,元/㎡起
城市玫瑰园,[ 和平 砂山 ] 砂山街46号,在售,11500,元/㎡
佳华国际大厦,[ 铁西 铁西 ] 建设西路3号,在售,14500,元/㎡
首创棋盘山1号,[ 浑南区 浑南区 ] 东陵路16-18号,待售,11682,元/m²
北一路金寓,价格,在售,7800,元/㎡
碧桂园峯华盛京,[ 铁西 保工南 ] 北一东路112号 （北一路与兴华北街交汇...,在售,20000,元/㎡
金朗PARK,[ 沈阳周边 其他 ] 沈抚新区旺力大街西侧,在售,11000,元/㎡起
东北总部基地,[ 沈北新区 沈北新区 ] 蒲河大道888号,在售,6900,元/㎡
浦江东方大厦,[ 浑南区 浑南区 ] 三义街2号,在售,14000,元/㎡
新世界丰盛商务大厦,[ 和平 三好 ] 新世界花园售楼中心对面,在售,10500,元/㎡
华润置地·悦玺,[ 浑南区 浑南区 ] 浑南中路与天坛南街交汇处,在售,12000,元/㎡
盛京保利文化中心,[ 和平 和平 ] 太原街文化宫对面,在售,16000,元/㎡
沈阳光谷联合科技城,[ 沈北新区 道义 ] 七星大街96号（七星大街四环线交汇处）,在售,3280,元/㎡
新世界商业中心,[ 和平 和平 ] 中华路61号,待售,14083,元/m²
华润大厦B座,[ 和平 和平 ] 万象城西侧,在售,19000,元/㎡
沈阳国际设计谷,[ 浑南区 浑南区 ] 全运五路35号,在售,6200,元/㎡
沈阳恒隆市府广场,[ 沈河 沈河 ] 青年大街1号（市府广场南侧，原斗姆宫...,待售,19238,元/m²
佳兆业汤泉驿,[ 沈阳周边 其他 ] 辽阳市弓长岭区双泉街55号,在售,4199,元/㎡
首创花屿岸,[ 浑南区 浑南区 ] 东陵南街18-155号,待售,11000,元/m²
沈北时代广场,[ 沈北新区 蒲河 ] 蒲田路与时空东街交汇处,待售,9198,元/m²
万象宸光,[ 浑南区 浑南区 ] 浑南西路8号（青年大街与浑南大道交汇...,待售,11224,元/m²
联东U谷沈北产业园,[ 沈北新区 道义 ] 沈北新区蒲河路82号,在售,3400,元/㎡
乐府新天地,[ 浑南区 长青桥 ] 长青街望水路8号,在售,13000,元/㎡起
沈北新城吾悦广场,[ 沈北新区 蒲河 ] 蒲河大道888号,待售,9198,元/m²
宏发浣花溪,[ 于洪 于洪广场 ] 吉利湖街197-2号,待售,11122,元/m²
沈阳红星美凯龙家具建材旗舰博览中心,[ 沈北新区 道义 ] 道义北大街57号,在售,12000,元/㎡起
泰和国际大厦,[ 皇姑 北陵 ] 黄河南大街118号甲,待售,11196,元/m²
中国北方健康食品产业园,[ 浑南区 浑南区 ] 双树子村（沈中线西侧）,在售,3580,元/㎡
中恒广场,[ 铁西 铁西 ] 兴华南街与南十路交汇处（距铁百200米...,在售,13000,元/㎡
北约客置地广场,[ 和平 和平 ] 南京北街272号,待售,13444,元/m²
华润置地紫云府悦里,[ 皇姑 首府新区 ] 崇山东路与鸭绿江东街交汇处（长客乐购...,待售,11000,元/m²
沈阳龙湖春江天玺,[ 大东 大东 ] 沈阳市大东区东北大马路以南东建街以西,待售,12000,元/㎡
九洲御峯,[ 和平 和平 ] 胜利南街与南八马路交汇处,待售,14083,元/m²
夏宫城市广场,[ 沈河 沈河 ] 青年大街209号（夏宫原址）,在售,15000,元/㎡起
上亿奥体小饰楼商铺,[ 浑南区 浑南区 ] 金卡路18号,在售,11000,元/㎡起
东明商贸,[ 浑南区 浑南区 ] 全运路136-11号,在售,8000,元/㎡
融创融公馆底商,[ 于洪 丁香湖 ] 西江北街82号,在售,13000,元/㎡
沈阳龙湖舜山府,[ 浑南区 浑南区 ] 莫子山公园北门,待售,11694,元/m²
中南高科·沈阳智造园,[ 沈北新区 蒲河 ] 沈阳市沈北新区蒲南路33号,在售,3300,元/㎡
名京国际,[ 铁西 铁西 ] 马壮街1号（建设西路与马壮街交汇处）,在售,10000,元/㎡
福融悦中心,[ 浑南区 21世纪广场 ] 世纪路2号（世纪大厦）,在售,9000,元/㎡
惠民新居,[ 沈河 方家栏 ] 方凌路21号,在售,15000,元/㎡
辽宁凤凰国际商务中心,[ 皇姑 皇姑 ] 黄河南大街111号,在售,16000,元/㎡
中信泰富广场,[ 皇姑 塔湾 ] 塔湾街11号（原车辆厂）,待售,11760,元/m²
沈阳新地中心,[ 沈河 市府 ] 友好街10号（惠工广场西北）,待售,12947,元/m²
融创春风十里海豚湾,[ 沈阳周边 其他 ] 五华区海屯路北侧，小屯立交西北处,在售,11000,元/㎡
新世界·朗怡居,[ 沈阳周边 其他 ] 科技路61号,在售,7000,元/㎡
沈阳裕景中心,[ 沈河 市府 ] 青年大街33-1号 (沈阳市青年大街市府恒...,售罄,13259,元/m²
万科春河里,[ 沈河 东五里河 ] 文艺路与三经街交汇处东侧17号,售罄,15500,元/m²
万科金域华府,[ 皇姑 四台子 ] 文大路231号,售罄,9146,元/m²
碧桂园学府壹号,[ 皇姑 四台子 ] 青城山路,售罄,9753,元/m²
南峰朗润园,[ 辽中 辽中镇 ] 辽中滨水新城乌杨公路与二号路交汇处,售罄,3844,元/m²
沈铁田园牧歌,[ 浑南区 21世纪广场 ] 沈营路66号（原沈阳物资供应段榆树台仓...,售罄,12863,元/m²
坤业城波西塔诺小镇,[ 于洪 红旗台 ] 沙岭(沈新路与西四环交汇处北侧),售罄,7800,元/m²
金地滨河国际左岸,[ 浑南区 浑南区 ] 浑南区浑南东路18号（建筑大学北门正对...,售罄,10867,元/m²
宏缘·50号公馆,[ 大东 大东 ] 大东观泉路50号（陶瓷城旁）,售罄,9900,元/m²
巴黎梦夏,[ 铁西 铁西 ] 铁西沧海路7号（张士检车线对面即是）,售罄,13093,元/m²
金叶城市公寓,[ 和平 和平 ] 胜利南街281号,售罄,14083,元/m²
帝景湾,[ 皇姑 皇姑 ] 皇姑崇山东路49号（兴建小区东侧）,售罄,11483,元/m²
积水裕沁碧苑,[ 浑南区 浑南区 ] 创新路10号（莫子山公园北侧）,售罄,11636,元/m²
壹号官邸,[ 铁西 铁西 ] 铁西北一东路112号（北一路与兴华北街...,售罄,14273,元/m²
黄河府,[ 于洪 于洪 ] 于洪黄河北大街2号（省重点11中正对面...,售罄,8800,元/m²
乐城,[ 铁西 铁西 ] 铁西沈辽西路9号（宁官大市场对面）,售罄,12975,元/m²
珺悦商务中心,[ 沈北新区 沈北新区 ] 沈北新区蒲昌路29号(蒲昌路中央大学城...,售罄,5978,元/m²
阳光100凤凰街,[ 于洪 于洪新城 ] 汪河路41-1号（166路在阳光100站下车）,售罄,9533,元/m²
瑞京时代汽配广场,[ 铁西 铁西 ] 北二西路与肇工街交汇处,售罄,12557,元/m²
世茂环球中心,[ 和平 西五里河 ] 青年大街与文体路交汇处,售罄,15336,元/m²
钻石公馆,[ 皇姑 北陵 ] 黄河南大街52号,售罄,12236,元/m²
沈阳朝鲜民族风情街,[ 于洪 于洪 ] 大兴街道沙岗子村,售罄,8013,元/m²
粤泰天鹅湾,[ 和平 和平 ] 三好桥南（沈水湾高尔夫球场对面）,售罄,14083,元/m²
宏发长岛,[ 铁西 铁西 ] 铁西沈辽西路27号（兴隆大天地附近）,售罄,13485,元/m²
沈阳中航城两河流域,[ 和平 长白 ] 三好桥东900米 (南堤西路与仙岛北路交...,售罄,15929,元/m²
美联大厦,[ 皇姑 北行 ] 长江南街与昆山中路交汇处（碧塘公园附...,售罄,12925,元/m²
万科城市之光,[ 大东 黎明文化宫 ] 和睦北二路36号,售罄,9670,元/m²
唐轩公馆,[ 沈北新区 道义 ] 蒲昌路1号（沈阳师范大学北）,售罄,6685,元/m²
沈铁达观,[ 苏家屯 区中心 ] 雪莲街49-2-5号（胜利南街与金钱松中路...,售罄,6292,元/m²
滨河湾,[ 和平 长白 ] 长白一路,售罄,15929,元/m²
中金澜庭,[ 沈北新区 沈北新区 ] 沈北路72号道义南大街与沈北路交汇处东...,售罄,6070,元/m²
隆河谷一期,[ 东陵 白塔 ] 白塔街26号（白塔公园西北侧）,售罄,12369,元/m²
格林观堂二期,[ 和平 长白 ] 长白西路(工农桥南侧第一个交通岗西侧...,售罄,16750,元/m²
崇山墅,[ 皇姑 皇姑 ] 皇姑崇山西路12号（粮校原址）,售罄,11483,元/m²
中海龙湾二期,[ 和平 和平 ] 和平长白三路135号（长白岛滨堤路长白...,售罄,14083,元/m²
假日小城三期,价格,售罄,8509,元/m²
万恒领域,[ 大东 大东 ] 大东东站街68号(联合路东站街路口),售罄,9900,元/m²
金辉·天鹅湾,[ 皇姑 皇姑 ] 皇姑鸭绿江东街13号（鸭绿江东街与银山...,售罄,11483,元/m²
方林家园,[ 皇姑 皇姑 ] 淮河南街与华山路交汇处,售罄,11483,元/m²
浑河国际城,[ 浑南区 浑南区 ] 红椿路89号（南京南街与红椿路交汇处）,售罄,10919,元/m²
领先国际,[ 沈河 沈河 ] 沈河青年大街55号(市委对面),售罄,18483,元/m²
万隆国际商业广场,[ 沈北新区 沈北新区 ] 人和街46号（人和街与沈北大道交汇处）,售罄,5880,元/m²
西塔大奥莱,[ 和平 西塔 ] 西塔街75号,售罄,13029,元/m²
美弗霞湾,[ 浑南区 浑南区 ] 智慧大街2号,售罄,11657,元/m²
佳兆业中心,[ 沈河 东五里河 ] 青年大街173号（青年大街与文萃路交汇...,售罄,14333,元/m²
新加坡城,[ 和平 和平 ] 和平胜利南街377号（胜利大街胜利桥南...,售罄,13286,元/m²
唐轩北廷,[ 沈北新区 道义 ] 蒲新路13号（七星大街与蒲新路交汇处）,售罄,6679,元/m²
粤泰城,[ 于洪 于洪 ] 文大路435号,售罄,8410,元/m²
新世界名铸湾畔,[ 和平 和平 ] 南三好街9号（三好街与沈水路交汇处）,售罄,14083,元/m²
太湖明珠花园,[ 沈北新区 沈北新区 ] 蒲河路6号,售罄,5700,元/㎡
佳和新城九期,[ 沈河 方家栏 ] 方家栏路41号（紧邻二环路）,售罄,14500,元/m²
西城逸景,[ 铁西 铁西 ] 铁西中央南大街35号（沈阳工业大学中央...,售罄,12391,元/m²
市府恒隆广场,[ 沈河 沈河 ] 青年大街1号（市府广场南侧，原斗姆宫...,售罄,19238,元/m²
首创国际城,[ 浑南区 浑南区 ] 浑南区浑南西路1号（浑南西路与沈营路...,售罄,10833,元/m²
和泓国际,[ 和平 和平 ] 和平长白岛滨河北街88号（南京南街与长...,售罄,13125,元/m²
美地馨城,价格,售罄,10614,元/m²
哥本哈根二期,[ 皇姑 东三台子 ] 黄河北大街113号甲（地铁医学院站出口...,售罄,9393,元/m²
韩建大成府,[ 皇姑 皇姑 ] 皇姑昆山西路151号（塔湾汽配城附近）,售罄,11483,元/m²
圣尊·摩纳哥庄园,[ 浑南区 浑南区 ] 浑南区中水1100号（盛京高尔夫东侧）,售罄,11548,元/m²
福佳金融大厦,[ 沈河 五爱 ] 青年大街96号（高登酒店南行50米）,售罄,13409,元/m²
文华街三号院,[ 浑南区 浑南区 ] 浑南区文华街3号(建筑大学东门附近),售罄,11047,元/m²
宏运中心,[ 和平 和平 ] 沈阳市和平南大街马路湾南角,售罄,14063,元/m²
沈阳幸福时光,[ 于洪 于洪 ] 微山湖街65号(宁官桥南),售罄,8667,元/m²
中海明珠,[ 和平 和平 ] 和平长白岛南京南街22号（南京南街与长...,售罄,13286,元/m²
京城中心,[ 和平 和平 ] 和平五里河街与文兴路交汇处路东,售罄,13778,元/m²
汇置公园里,[ 浑南区 浑南区 ] 浑南区白塔二街12号（沈营路白塔公园东...,售罄,10783,元/m²
水润年华,[ 大东 大东广场 ] 联合路163号（市28中学原址）,售罄,9706,元/m²
富沣汤城国际,[ 沈北新区 沈北新区 ] 沈北新区孝信街28号（东北总部基地东北...,售罄,5778,元/m²
志城公馆,[ 铁西 滑翔 ] 铁西区凌空二街9号,售罄,13064,元/m²
沈铁·幸福邸,[ 苏家屯 苏家屯 ] 苏家屯牡丹街和香杨路的交汇处（苏家屯...,售罄,8160,元/m²
汇置公园里·怡林,[ 浑南区 浑南区 ] 浑南区白塔二街12号（沈营路白塔公园东...,售罄,11645,元/m²
水印蓝庭,[ 大东 大东 ] 大东北大营街58号(观泉路与北大营街交...,售罄,9900,元/m²
同方·燕语林森,[ 浑南区 浑南区 ] 浑南区白塔河二路与智慧三街交汇处,售罄,10363,元/m²
泰莱16区,[ 浑南区 浑南区 ] 浑南区富民南街与汇泉路交汇处（奥体中...,售罄,10226,元/m²
森远·金玺阁,[ 苏家屯 苏家屯 ] 苏家屯枫杨路125号(枫杨路与丁香街交汇...,售罄,8160,元/m²
圣罗伦斯·伊甸园,[ 浑南区 浑南区 ] 浑南区桃仙大街6号(沈丹高速与航天路交...,售罄,9960,元/m²
广厦摩卡公馆,[ 皇姑 皇姑 ] 皇姑华山路223号（华山路与淮河南街交...,售罄,12129,元/m²
实华·新鼎花园,[ 铁西 铁西 ] 铁西经济技术开发区浑河六街1号（新海...,售罄,13875,元/m²
和泓·尚品,[ 和平 和平 ] 和平长白岛滨河北街88号（南京南街与长...,售罄,14000,元/m²
美地庄园·苹果园,[ 东陵 全运 ] 桃仙大街98号（沈阳至机场高速路出口右...,售罄,12263,元/m²
